{
	"easycom": {
		"^u-(.*)": "@/uview-ui/components/u-$1/u-$1.vue"
	},
	"pages": [{
			"path": "pages/welcome/welcome",
			"style": {
				"navigationBarTitleText": "",
				"enablePullDownRefresh": false
			}

		},
		{
			"path": "uview-ui/components/u-avatar-cropper/u-avatar-cropper",
			"style": {
				"navigationBarTitleText": "头像裁剪",
				"navigationBarBackgroundColor": "#000000"
			}
		},
		{
			"path": "pages/my/user/userInfo",
			"style": {
				"navigationBarTitleText": "个人资料",
				"enablePullDownRefresh": false
			}

		},
		{
			"path": "pages/my/noti/noti",
			"style": {
				"navigationBarTitleText": "系统消息",
				"enablePullDownRefresh": false
			}

		}, {
			"path": "pages/my/teamLeader/teamLeader",
			"style": {
				"navigationBarTitleText": "申请团队长",
				"enablePullDownRefresh": false
			}

		},
		{
			"path": "pages/my/editUserInfo/editPhone/editPhone",
			"style": {
				"navigationBarTitleText": "修改手机号",
				"enablePullDownRefresh": false
			}

		},
		{
			"path": "pages/my/myCash/myCash",
			"style": {
				"navigationBarTitleText": "我的余额",
				"enablePullDownRefresh": false
			}

		},
		{
			"path": "pages/my/editUserInfo/editName",
			"style": {
				"navigationBarTitleText": "修改手机号",
				"enablePullDownRefresh": false
			}

		},
		{
			"path": "pages/agentCentre/agentCentre",
			"style": {
				"navigationBarTitleText": "代理商中心",
				"enablePullDownRefresh": false
			}

		},
		{
			"path": "pages/salesmanCommercial/commercialCentre",
			"style": {
				"navigationBarTitleText": "商家中心",
				"enablePullDownRefresh": false
			}
		},

		{
			"path": "pages/salesmanCenter/salesmanCenter",
			"style": {
				"navigationBarTitleText": "业务员中心",
				"enablePullDownRefresh": false
			}
		},
		{
			"path": "pages/salesmanCenter/addSeller/addSeller",
			"style": {
				"navigationBarTitleText": "录入商家",
				"enablePullDownRefresh": false
			}

		}, {
			"path": "pages/salesmanCenter/shop/shop",
			"style": {
				"navigationBarTitleText": "店铺主页",
				"enablePullDownRefresh": false
			}

		}, {
			"path": "pages/salesmanCenter/shopEnter/shopEnter",
			"style": {
				"navigationBarTitleText": "商家入驻",
				"enablePullDownRefresh": false
			}

		}

		, {
			"path": "pages/salesmanCenter/shopAptitude/shopAptitude",
			"style": {
				"navigationBarTitleText": "商家资质",
				"enablePullDownRefresh": false
			}

		}, {
			"path": "pages/salesmanCenter/auditing/auditing",
			"style": {
				"navigationBarTitleText": "审核进度",
				"enablePullDownRefresh": false
			}

		}, {
			"path": "pages/agentCentre/cash/cash",
			"style": {
				"navigationBarTitleText": "提现",
				"enablePullDownRefresh": false
			}
		}, {
			"path": "pages/agentCentre/records/records",
			"style": {
				"navigationBarTitleText": "商家营收记录",
				"enablePullDownRefresh": false
			}

		}, {
			"path": "pages/agentCentre/revenueDetails/revenueDetails",
			"style": {
				"navigationBarTitleText": "营收明细",
				"enablePullDownRefresh": false
			}

		}, {
			"path": "pages/agentCentre/inquiry/inquiry",
			"style": {
				"navigationBarTitleText": "查询",
				"enablePullDownRefresh": false
			}

		}, {
			"path": "pages/agentCentre/balanceRecords/balanceRecords",
			"style": {
				"navigationBarTitleText": "余额记录",
				"enablePullDownRefresh": false
			}

		}, {
			"path": "pages/salesmanCenter/selectIndustry/selectIndustry",
			"style": {
				"navigationBarTitleText": "选择行业",
				"enablePullDownRefresh": false
			}

		},


		{
			"path": "pages/agentCentre/shopList/shopList",
			"style": {
				"navigationBarTitleText": "商家列表",
				"enablePullDownRefresh": false
			}

		}, {
			"path": "pages/agentCentre/shopHome/shopHome",
			"style": {
				"navigationBarTitleText": "店铺主页",
				"enablePullDownRefresh": false
			}

		}, {
			"path": "pages/agentCentre/payment/payment",
			"style": {
				"navigationBarTitleText": "缴纳年费",
				"enablePullDownRefresh": false
			}

		}, {
			"path": "pages/agentCentre/auditing/auditing",
			"style": {
				"navigationBarTitleText": "商户资料",
				"enablePullDownRefresh": false
			}

		}, {
			"path": "pages/agentCentre/goodsManage/goodsManage",
			"style": {
				"navigationBarTitleText": "商家商品管理",
				"enablePullDownRefresh": false
			}

		}

		, {
			"path": "pages/agentCentre/shopGoods/shopGoods",
			"style": {
				"navigationBarTitleText": "产品详情",
				"enablePullDownRefresh": false
			}

		}, {
			"path": "pages/agentCentre/shopAuditing/shopAuditing",
			"style": {
				"navigationBarTitleText": "商户资料",
				"enablePullDownRefresh": false
			}

		},
		{
			"path": "pages/salesmanCommercial/storeQr",
			"style": {
				"navigationBarTitleText": "店铺二维码",
				"enablePullDownRefresh": false
			}

		},
		{
			"path": "pages/salesmanCommercial/deduct/deduct",
			"style": {
				"navigationBarTitleText": "营收记录",
				"enablePullDownRefresh": false
			}

		},
		{
			"path": "pages/salesmanCommercial/commodityManagement",
			"style": {
				"navigationBarTitleText": "商品管理",
				"enablePullDownRefresh": false
			}

		}, {
			"path": "pages/salesmanCommercial/orderList",
			"style": {
				"navigationBarTitleText": "订单记录",
				"enablePullDownRefresh": false
			}

		}, {
			"path": "pages/salesmanCommercial/commercialAdd",
			"style": {
				"navigationBarTitleText": "添加商品",
				"enablePullDownRefresh": false
			}

		},
		{
			"path": "pages/salesmanCommercial/payAnnualFee",
			"style": {
				"navigationBarTitleText": "缴纳年费",
				"enablePullDownRefresh": false
			}
		},
		{
			"path": "pages/salesmanCommercial/dateSelect/dateSelect",
			"style": {
				"navigationBarTitleText": "日期选择",
				"enablePullDownRefresh": false
			}
		},
		{
			"path": "pages/salesmanCommercial/shopManagement/shopManagement",
			"style": {
				"navigationBarTitleText": "资料管理",
				"enablePullDownRefresh": false
			}
		},
		{
			"path": "pages/salesmanCommercial/revenueDetails/revenueDetails",
			"style": {
				"navigationBarTitleText": "营收明细",
				"enablePullDownRefresh": false
			}
		}, {
			"path": "pages/salesmanCommercial/deductionDetails",
			"style": {
				"navigationBarTitleText": "扣款详情",
				"enablePullDownRefresh": false
			}

		}, {
			"path": "pages/salesmanCommercial/selectIndustry/selectIndustry",
			"style": {
				"navigationBarTitleText": "查询",
				"enablePullDownRefresh": false
			}

		}, {

			"path": "pages/agentCentre/shopShop/shopShop",
			"style": {
				"navigationBarTitleText": "商家资质",
				"enablePullDownRefresh": false
			}

		}

		, {
			"path": "pages/agentCentre/myAdd/myAdd",
			"style": {
				"navigationBarTitleText": "我录入的商家",
				"enablePullDownRefresh": false
			}

		}, {
			"path": "pages/agentCentre/selectIndustry/selectIndustry",
			"style": {
				"navigationBarTitleText": "选择行业",
				"enablePullDownRefresh": false
			}

		}, {
			"path": "pages/agentCentre/shopEnter/shopEnter",
			"style": {
				"navigationBarTitleText": "商家入驻",
				"enablePullDownRefresh": false
			}

		},
		{
			"path": "pages/salesmanCommercial/qualification/qualification",
			"style": {
				"navigationBarTitleText": "商家资质",
				"enablePullDownRefresh": false
			}
		}, {
			"path": "pages/salesmanCenter/salesmanList/salesmanList",
			"style": {
				"navigationBarTitleText": "业务员列表",
				"enablePullDownRefresh": false
			}
		}, {
			"path": "pages/salesmanCenter/ApplysSalesmanNext",
			"style": {
				"navigationBarTitleText": "申请业务员",
				"enablePullDownRefresh": false
			}
		}, {
			"path": "pages/salesmanCenter/ApplysSalesman",
			"style": {
				"navigationBarTitleText": "申请业务员",
				"enablePullDownRefresh": false
			}
		}, {
			"path": "pages/agentCentre/shopAptitude/shopAptitude",
			"style": {
				"navigationBarTitleText": "商家资质",
				"enablePullDownRefresh": false
			}

		}, {
			"path": "pages/agentCentre/auditing2/auditing2",
			"style": {
				"navigationBarTitleText": "审核进度",
				"enablePullDownRefresh": false
			}

		}, {
			"path": "pages/salesmanCommercial/commodityStatus/commodityStatus",
			"style": {
				"navigationBarTitleText": "商品审核状态",
				"enablePullDownRefresh": false
			}

		}, {
			"path": "pages/salesmanCenter/ApplySalesmanStatus",
			"style": {
				"navigationBarTitleText": "商家审核状态",
				"enablePullDownRefresh": false
			}

		}, {
			"path": "pages/agentCentre/myCard/myCard",
			"style": {
				"navigationBarTitleText": "提现到银行卡",
				"enablePullDownRefresh": false
			}

		}, {
			"path": "pages/agentCentre/myCard/addMyCard",
			"style": {
				"navigationBarTitleText": "",
				"enablePullDownRefresh": false
			}

		}, {
			"path": "pages/agentCentre/myCard/withdrawal",
			"style": {
				"navigationBarTitleText": "提现",
				"enablePullDownRefresh": false
			}

		}, {
			"path": "pages/agentCentre/myCard/withdrawalSuccess",
			"style": {
				"navigationBarTitleText": "",
				"enablePullDownRefresh": false
			}

		}, {
			"path": "pages/agentCentre/myCard/changeBankCard",
			"style": {
				"navigationBarTitleText": "我的银行卡",
				"enablePullDownRefresh": false
			}

		}, {
			"path": "pages/newsDetail",
			"style": {
				"navigationBarTitleText": "",
				"enablePullDownRefresh": false
			}

		}, {
			"path": "pages/newsList",
			"style": {
				"navigationBarTitleText": "公告列表",
				"enablePullDownRefresh": false
			}

		}, {
			"path": "pages/my/my/my",
			"style": {
				"navigationBarTitleText": "我的",
				"enablePullDownRefresh": false
			}

		}, {
			"path": "pages/my/feedBack",
			"style": {
				"navigationBarTitleText": "意见反馈",
				"enablePullDownRefresh": false
			}

		},
		{
			"path": "pages/my/feedbackList",
			"style": {
				"navigationBarTitleText": "意见反馈",
				"enablePullDownRefresh": false
			}

		},
		{
			"path": "pages/my/feedbackDetail",
			"style": {
				"navigationBarTitleText": "意见反馈",
				"enablePullDownRefresh": false
			}

		},
		{
			"path": "pages/my/hu/faq",
			"style": {
				"navigationBarTitleText": "常见问题",
				"enablePullDownRefresh": false
			}

		},
		{
			"path": "pages/my/aboutUs",
			"style": {
				"navigationBarTitleText": "关于我们",
				"enablePullDownRefresh": false
			}

		}, {
			"path": "pages/my/allowinvite/allowinvite",
			"style": {
				"navigationBarTitleText": "邀请注册",
				"enablePullDownRefresh": false
			}

		}, {
			"path": "pages/my/allowinvite/goAllPresons/goAllPresons",
			"style": {
				"navigationBarTitleText": "我的邀请",
				"enablePullDownRefresh": false
			}

		}, {
			"path": "pages/my/record/record",
			"style": {
				"navigationBarTitleText": "在线客服",
				"enablePullDownRefresh": false
			}

		}, {
			"path": "pages/my/help",
			"style": {
				"navigationBarTitleText": "帮助中心",
				"enablePullDownRefresh": false
			}

		},
		{
			"path": "pages/pay/pay",
			"style": {
				"navigationBarTitleText": "确认支付",
				"enablePullDownRefresh": false
			}

		}

	],
	"subPackages": [{
		"root": "pagesB",
		"pages": [
            {

				"path": "pages/index/index/index",
				"style": {
					"navigationBarTitleText": "先享用",
					"enablePullDownRefresh": false
				}

			},
			{
				"path": "pages/login/registerXy",
				"style": {
					"navigationBarTitleText": "",
					"enablePullDownRefresh": false
				}

			}, {
				"path": "pages/custom/detail/detail",
				"style": {
					"navigationBarTitleText": "客户详情",
					"enablePullDownRefresh": false
				}
			},
			{
				"path": "pages/custom/detail/pay",
				"style": {
					"navigationBarTitleText": "确认支付",
					"enablePullDownRefresh": false
				}
			}, {
				"path": "pages/custom/detail/payOk",
				"style": {
					"navigationBarTitleText": "支付成功",
					"enablePullDownRefresh": false
				}
			},
			{
				"path": "pages/custom/detail/task_detail",
				"style": {
					"navigationBarTitleText": "任务详情",
					"enablePullDownRefresh": false
				}
			}, {
				"path": "pages/custom/detail/add_client_number",
				"style": {
					"navigationBarTitleText": "增加客户数量",
					"enablePullDownRefresh": false
				}
			}

			, {
				"path": "pages/index/index/select",
				"style": {
					"navigationBarTitleText": "商家列表",
					"enablePullDownRefresh": false
				}
			}, {
				"path": "pages/index/index/addCommerSuccess",
				"style": {
					"navigationBarTitleText": "录入成功",
					"enablePullDownRefresh": false
				}
			}, {
				"path": "pages/index/index/lrkh",
				"style": {
					"navigationBarTitleText": "录入客户",
					"enablePullDownRefresh": false
				}
			},
			{
				"path": "pages/task/task",
				"style": {
					"navigationBarTitleText": "任务",
					"enablePullDownRefresh": false
				}

			}, {
				"path": "pages/custom/custom",
				"style": {
					"navigationBarTitleText": "客户",
					"enablePullDownRefresh": false
				}

			}, {
				"path": "pages/mine/mine",
				"style": {
					"navigationBarTitleText": "我的",
					"enablePullDownRefresh": false
				}

			},
			{
				"path": "pages/login/login",
				"style": {
					"navigationBarTitleText": "",
					"enablePullDownRefresh": false
				}

			}, {
				"path": "pages/login/login1",
				"style": {
					"navigationBarTitleText": "",
					"enablePullDownRefresh": false
				}

			}, {
				"path": "pages/login/login2",
				"style": {
					"navigationBarTitleText": "",
					"enablePullDownRefresh": false
				}

			},
			{
				"path": "pages/index/index/choiceCity",
				"style": {
					"navigationBarTitleText": "",
					"enablePullDownRefresh": false
				}

			},
			{
				"path": "pages/index/index/newsDetail",
				"style": {
					"navigationBarTitleText": "",
					"enablePullDownRefresh": false
				}

			},
			{
				"path": "pages/index/index/newsList",
				"style": {
					"navigationBarTitleText": "",
					"enablePullDownRefresh": false
				}

			},
			 {
				"path": "pages/index/index/shopHome",
				"style": {
					"navigationBarTitleText": "店铺详情",
					"enablePullDownRefresh": false
				}
			},

			{
				"path": "pages/index/index/fabu",
				"style": {
					"navigationBarTitleText": "发布拓客动态",
					"enablePullDownRefresh": false
				}

			},
			{
				"path": "pages/index/index/fabu2",
				"style": {
					"navigationBarTitleText": "发布拓客动态",
					"enablePullDownRefresh": false
				}

			},
			{
				"path": "pages/index/index/fbhd",
				"style": {
					"navigationBarTitleText": "商家列表",
					"enablePullDownRefresh": false
				}

			},
			{
				"path": "pages/index/index/fbhd2",
				"style": {
					"navigationBarTitleText": "发布拓客活动",
					"enablePullDownRefresh": false
				}

			},
			{
				"path": "pages/index/index/fbhd3",
				"style": {
					"navigationBarTitleText": "商家列表",
					"enablePullDownRefresh": false
				}

			},
			{
				"path": "pages/index/index/pay",
				"style": {
					"navigationBarTitleText": "确认支付",
					"enablePullDownRefresh": false
				}

			},
			{
				"path": "pages/index/index/payOk",
				"style": {
					"navigationBarTitleText": "支付成功",
					"enablePullDownRefresh": false
				}

			}, {
				"path": "pages/task/taskInfo/taskInfo",
				"style": {
					"navigationBarTitleText": "任务详情",
					"enablePullDownRefresh": false
				}

			}, {
				"path": "pages/task/taskInfo/bmjl/bmjl",
				"style": {
					"navigationBarTitleText": "报名记录",
					"enablePullDownRefresh": false
				}

			}, {
				"path": "pages/task/taskInfo/bmjl/tkInfo/tkInfo",
				"style": {
					"navigationBarTitleText": "拓客员详情",
					"enablePullDownRefresh": false
				}

			}, {
				"path": "pages/task/taskInfo/bmjl/tkInfo/tksr/tksr",
				"style": {
					"navigationBarTitleText": "拓客收入",
					"enablePullDownRefresh": false
				}

			}, {
				"path": "pages/task/taskInfo6/taskInfo6",
				"style": {
					"navigationBarTitleText": "任务详情",
					"enablePullDownRefresh": false
				}

			}
		    ,{
                    "path" : "pages/task/taskInfo6/shjd/shjd",
                    "style" :                                                                                    
                {
                    "navigationBarTitleText": "审核进度",
                    "enablePullDownRefresh": false
                }
                
                }
                ,{
                    "path" : "pages/task/taskInfo4/taskInfo4",
                    "style" :                                                                                    
                {
                    "navigationBarTitleText": "任务详情",
                    "enablePullDownRefresh": false
                }
                
                }
                ,{
                    "path" : "pages/task/taskInfo/pay/pay",
                    "style" :                                                                                    
                {
                    "navigationBarTitleText": "确认支付",
                    "enablePullDownRefresh": false
                }
                
                },
				{
				    "path" : "pages/task/taskInfo/pay/payOk/payOk",
				    "style" :                                                                                    
				{
				    "navigationBarTitleText": "确认支付",
				    "enablePullDownRefresh": false
				}
				
				},
                {
                    "path": "pages/index/index/releas_success",
                    "style": {
                        "navigationBarTitleText": "发布成功",
                        "enablePullDownRefresh": false
                    }

                }
            ]
	}],
	"globalStyle": {
		"navigationBarTextStyle": "white",
		"navigationBarTitleText": "uni-app",
		"navigationBarBackgroundColor": "#4794ff",
		"backgroundColor": "#F8F8F8"
	},
	"condition": { //模式配置，仅开发期间生效
		"current": 0, //当前激活的模式(list 的索引项)
		"list": [{
			"name": "", //模式名称
			"path": "pages/welcome/welcome", //启动页面，必选
			"query": "" //启动参数，在页面的onLoad函数里面得到
		}]
	}
	// "tabBar": {
	// 	"color": "#7A7E83",
	// 	"selectedColor": "#3cc51f",
	// 	"borderStyle": "black",
	// 	"backgroundColor": "#ffffff",

	// 	"list": [{
	// 		"pagePath": "pages/index/index/index",
	// 		"iconPath": "static/tabbar1.png",
	// 		"selectedIconPath": "static/tabbarSel1.png",
	// 		"text": "首页"
	// 	}, {
	// 		"pagePath": "pages/task/task",
	// 		"iconPath": "static/tabbar2.png",
	// 		"selectedIconPath": "static/tabbarSel2.png",
	// 		"text": "任务"
	// 	}, {
	// 		"pagePath": "pages/custom/custom",
	// 		"iconPath": "static/tabbar3.png",
	// 		"selectedIconPath": "static/tabbarSel3.png",
	// 		"text": "客户"
	// 	}, {
	// 		"pagePath": "pages/mine/mine",
	// 		"iconPath": "static/tabbar4.png",
	// 		"selectedIconPath": "static/tabbarSel4.png",
	// 		"text": "我的"
	// 	}]
	// }
	// 	// "midButton":{

	// 	// 	"iconPath": "/static/backups.png",
	// 	// 	// "backgroundImage": "/static/backupSel.png",
	// 	// 	"text": "发布"
	// 	// },
	// 	"midButton": {
	// 		"width": "80px",
	// 		"height": "70px",
	// 		"text": "发布",
	// 		"iconPath": "static/backups.png",
	// 		"iconWidth": "40px"
	// 	}






}
