{
    "easycom": {
        "^u-(.*)": "@/uview-ui/components/u-$1/u-$1.vue"
    },
    "pages": [ //pages数组中第一项表示应用启动页，参考：https://uniapp.dcloud.io/collocation/pages
        {
            "path": "pages/index/index",
            "style": {
                "navigationStyle": "custom",
                "enablePullDownRefresh": true
            }
        }, {
            "path": "pages/my/my",
            "style": {
                // "navigationBarTitleText": "",
                // "enablePullDownRefresh": false,
                "navigationStyle": "custom",
                "enablePullDownRefresh": true
            }
        }, {
            "path": "pages/login/register/register",
            "style": {
                "navigationBarTitleText": "",
                "enablePullDownRefresh": false
            }

        }, {
            "path": "pages/login/register/registrationAgreement",
            "style": {
                "navigationBarTitleText": "注册协议",
                "enablePullDownRefresh": false
            }

        }, {
            "path": "pages/login/welcome/welcome",
            "style": {
                "navigationBarTitleText": "",
                "enablePullDownRefresh": false
            }

        }, {
            "path": "pages/login/login",
            "style": {
                "navigationBarTitleText": "",
                "enablePullDownRefresh": false
            }

        }, {
            "path": "pages/login/WX_bind/wx_bind",
            "style": {
                "navigationBarTitleText": "绑定手机号",
                "enablePullDownRefresh": false
            }

        }, {
            "path": "pages/car/car",
            "style": {
                "navigationStyle": "custom"
            }

        }, {
            "path": "pages/shop/shop",
            "style": {
                "navigationBarTitleText": "",
                "enablePullDownRefresh": false
            }

        }, {
            "path": "pages/my/custom/feedBack",
            "style": {
                "navigationBarTitleText": "意见反馈",
                "enablePullDownRefresh": false
            }

        }, {
            "path": "pages/my/custom/feedbackList",
            "style": {
                "navigationBarTitleText": "意见反馈",
                "enablePullDownRefresh": false
            }

        }, {
            "path": "pages/my/custom/feedbackDetail",
            "style": {
                "navigationBarTitleText": "意见反馈",
                "enablePullDownRefresh": false
            }

        }, {
            "path": "pages/my/custom/faq",
            "style": {
                "navigationBarTitleText": "常见问题",
                "enablePullDownRefresh": false
            }

        }, {
            "path": "pages/my/custom/aboutUs",
            "style": {
                "navigationBarTitleText": "关于我们",
                "enablePullDownRefresh": false
            }

        }, {
            "path": "pages/my/custom/help",
            "style": {
                "navigationBarTitleText": "帮助中心",
                "enablePullDownRefresh": false

            }

        }, {
            "path": "pages/my/custom/helpDetail",
            "style": {
                "navigationBarTitleText": "帮助中心",
                "enablePullDownRefresh": false

            }

        }, {
            "path": "pages/index/search_hstory",
            "style": {
                "navigationStyle": "custom"
            }

        }, {
            "path": "pages/my/custom/agreement",
            "style": {
                "navigationBarTitleText": "协议列表",
                "enablePullDownRefresh": false
            }

        }, {
            "path": "pages/my/custom/common",
            "style": {
                "navigationBarTitleText": "",
                "enablePullDownRefresh": false
            }

        }, {
            "path": "pages/my/user/userInfo",
            "style": {
                "navigationBarTitleText": "个人资料",
                "enablePullDownRefresh": false
            }

        }, {
            "path": "pages/my/user/amendPhone",
            "style": {
                "navigationBarTitleText": "修改手机号",
                "enablePullDownRefresh": false
            }

        }, {
            "path": "pages/my/user/getName",
            "style": {
                "navigationBarTitleText": "修改昵称",
                "enablePullDownRefresh": false
            }

        }, {
            "path": "pages/my/collect/collectlist",
            "style": {
                "enablePullDownRefresh": true,
                "navigationStyle": "custom"
                
            }

        }, {
            "path": "pages/my/collect/shopcollect",
            "style": {
                "enablePullDownRefresh": true,
                "navigationStyle": "custom"
            }

        }, {
            "path": "pages/my/collect/browsing",
            "style": {
                // // "navigationBarTitleText": "浏览记录",
                "enablePullDownRefresh": true,
                "navigationStyle": "custom"
                
            }

        }, {
            "path": "pages/my/myCash/myCash",
            "style": {
                "navigationBarTitleText": "我的余额",
                // "enablePullDownRefresh": false,
                "enablePullDownRefresh": true
            }

        }, {
            "path": "pages/my/myCash/cash",
            "style": {
                "navigationBarTitleText": "提现",
                // "enablePullDownRefresh": false,
                "enablePullDownRefresh": true
            }

        }, {
            "path": "pages/my/myCash/addMyCard",
            "style": {
                "navigationBarTitleText": "绑定银行卡",
                "enablePullDownRefresh": false
            }

        }, {
            "path": "pages/my/myCash/withdrawal",
            "style": {
                "navigationBarTitleText": "提现",
                "enablePullDownRefresh": false
            }

        }, {
            "path": "pages/my/myCash/withdrawalSuccess",
            "style": {
                "navigationStyle": "custom"
                // "navigationBarTitleText": "提交成功",
                // "enablePullDownRefresh": false
            }

        }, {
            "path": "pages/my/myCash/changeBankCard",
            "style": {
                "navigationBarTitleText": "我的银行卡",
                "enablePullDownRefresh": false
            }

        }, {
            "path": "pages/index/discount",
            "style": {
				"navigationBarBackgroundColor":"#FFFFFF",
                "navigationBarTitleText": "淘优惠",
				"enablePullDownRefresh": false
            }

        }, {
            "path": "pages/my/inviteToRegister/allowInvite",
            "style": {
                "navigationBarTitleText": "邀请好友",
                "enablePullDownRefresh": false
            }

        }, {
            "path": "pages/my/inviteToRegister/goAllPresons/goAllPresons",
            "style": {
                "navigationBarTitleText": "我的邀请",
                // "enablePullDownRefresh": false,
                "enablePullDownRefresh": true
            }

        }, {
            "path": "pages/index/searchList",
            "style": {
                "navigationStyle": "custom"
            }

        }, {
            "path": "pages/index/searchList2",
            "style": {
                "navigationStyle": "custom"
            }

        }, {
            "path": "pages/index/goodShop",
            "style": {
				"navigationBarBackgroundColor":"#FFFFFF",
                "navigationBarTitleText": "商城",
                "enablePullDownRefresh": false
            }

        }, {
            "path": "pages/index/nweList",
            "style": {
                "navigationBarTitleText": "",
                "enablePullDownRefresh": false
            }

        }, {
            "path": "pages/index/newsInfo",
            "style": {
                "navigationBarTitleText": "",
                "enablePullDownRefresh": false
            }

        }, {
            "path": "pages/my/adress/addressList",
            "style": {
                "navigationBarTitleText": "收货地址",
                // "enablePullDownRefresh": false,
                "enablePullDownRefresh": true
            }

        }, {
            "path": "pages/my/adress/addAddress",
            "style": {
                "navigationBarBackgroundColor":"#FFFFFF",
                "navigationBarTitleText": "新增地址",
                "enablePullDownRefresh": false
            }

        }, {
            "path": "pages/shop/goodsDeatil",
            "style": {
                // "navigationBarTitleText": "",
                // "enablePullDownRefresh": false
                "navigationStyle":"custom"
            }

        }, {
            "path": "pages/my/myCash/addALIMsg",
            "style": {
                "navigationBarTitleText": "提现到支付宝",
                "enablePullDownRefresh": false
            }

        }, {
            "path": "pages/my/myCash/giveCash",
            "style": {
                "navigationBarTitleText": "余额转赠",
                "enablePullDownRefresh": false
            }

        }, {
            "path": "pages/my/shopEnter/shopEnter",
            "style": {
               "navigationStyle": "custom"
            }

        }, {
            "path": "pages/my/shopEnter/commercialenter",
            "style": {
                // "navigationBarTitleText": "",
                // "enablePullDownRefresh": false
                "navigationStyle":"custom"
            }

        }, {
            "path": "pages/my/shopEnter/agreement",
            "style": {
                "navigationBarTitleText": "",
                "enablePullDownRefresh": false
            }
        }, {
            "path": "pages/my/groupPrincipal/groupPrincipal",
            "style": {
                "navigationBarTitleText": "拼团本金",
                "enablePullDownRefresh": true
            }

        }, {
            "path": "pages/my/goldCoin/goldCoin",
            "style": {  
                // "navigationBarTitleText": "我的金币",
                // "enablePullDownRefresh": false,
                // "app-plus": {
                //     "titleNView": {

                //         "buttons": [{
                //                 "text": "\ue678",
                //                 "type": "none",
                //                 "color": "#FF6251",
                //                 "background": "#000000",
                //                 "fontSize": "20px",
                //                 "onclick": "clickButton"

                //             }

                //         ]
                //     }
                // }
                "navigationStyle": "custom"
            }
        }, {
            "path": "pages/my/goldCoin/goldCoinRules",
            "style": {
                "navigationBarTitleText": "金币规则",
                "enablePullDownRefresh": false
            }

        }, {
            "path": "pages/my/groupPrincipal/recharge",
            "style": {
                // "navigationBarTitleText": "充值",
                // "enablePullDownRefresh": false
                "navigationStyle": "custom"
            }

        }, {
            "path": "pages/my/set/set",
            "style": {
                "navigationBarTitleText": "设置",
                "enablePullDownRefresh": false
            }

        }, {
            "path": "pages/my/groupPrincipal/rechargeDetail",
            "style": {
                "navigationBarTitleText": "充值记录",
                "enablePullDownRefresh": false
            }

        }, {
            "path": "pages/shop/comments",
            "style": {
                "navigationBarTitleText": "全部评价",
                "enablePullDownRefresh": false
            }

        }, {
            "path": "pages/shop/ShopHomepage",
            "style": {
                "navigationStyle": "custom"
            }
        }, {
            "path": "pages/shop/confirmorder",
            "style": {
                "navigationBarTitleText": "",
                "enablePullDownRefresh": false
            }
        }, {
            "path": "pages/shop/payOrder",
            "style": {
                "navigationBarTitleText": "确认支付",
                "enablePullDownRefresh": false
            }

        }, {
            "path": "pages/shop/successPay",
            "style": {
                "navigationBarTitleText": "支付成功",
                "enablePullDownRefresh": false
            }

        }, {
            "path": "pages/my/order/order",
            "style": {
				"navigationBarBackgroundColor":"#FFFFFF",
                "navigationBarTitleText": "订单列表",
                "enablePullDownRefresh": false
            }

        }, {
            "path": "pages/my/myTeam/myTeam",
            "style": {
                "navigationBarTitleText": "我的团队",
                "enablePullDownRefresh": false
            }

        }, {
            "path": "pages/my/medal/medal",
            "style": {
                // "navigationBarTitleText": "鸿运勋章奖励",
                // "enablePullDownRefresh": false,
                // "backgroundColor":"#000000"
                "navigationStyle": "custom"
            }

        }, {
            "path": "pages/my/information/information",
            "style": {
                "navigationBarTitleText": "消息",
                "enablePullDownRefresh": false
            }

        }, {
            "path": "pages/my/information/massage",
            "style": {
                // "navigationBarTitleText": "物流信息",
                // "enablePullDownRefresh": false
                "navigationStyle": "custom",
                "enablePullDownRefresh": true
            }

        }, {
            "path": "pages/my/information/messages",
            "style": {
                // "navigationBarTitleText": "系统通知",
                // "enablePullDownRefresh": false
                "navigationStyle": "custom",
                "enablePullDownRefresh": true
            }

        }

        , {
            "path": "pages/index/activeList",
            "style": {
                "navigationBarTitleText": "限时拼购",
                "enablePullDownRefresh": false
            }

        }, {
            "path": "pages/shop/groupGoodsDetail",
            "style": {
                // "navigationBarTitleText": "",
                // "enablePullDownRefresh": false
                "navigationStyle": "custom"
            }

        }, {
            "path": "pages/shop/confirmorderGroup",
            "style": {
                "navigationBarTitleText": "确认订单",
                "enablePullDownRefresh": false
            }

        }, {
            "path": "pages/my/evaluate/myComment",
            "style": {
                "navigationBarTitleText": "我的评价",
                "enablePullDownRefresh": false
            }

        }, {
            "path": "pages/my/evaluate/evaluate",
            "style": {
                "navigationBarTitleText": "发布评价",
                "enablePullDownRefresh": false
            }

        }, {
            "path": "pages/my/evaluate/nocommunity",
            "style": {
                "navigationBarTitleText": "商品不存在",
                "enablePullDownRefresh": false
            }

        }, {
            "path": "pages/my/afterSales/afterSales",
            "style": {
                "navigationBarTitleText": "申请售后",
                "enablePullDownRefresh": false
            }

        }, {
            "path": "pages/my/afterSales/applyForRefund",
            "style": {
                "navigationBarTitleText": "",
                "enablePullDownRefresh": false
            }

        }, {
            "path": "pages/my/afterSales/salesList",
            "style": {
				"navigationBarBackgroundColor":"#FFFFFF",
                "navigationBarTitleText": "售后列表",
                "enablePullDownRefresh": false
            }

        }, {
            "path": "pages/my/afterSales/salesInfo",
            "style": {
                "navigationBarTitleText": "退货详情",
                "enablePullDownRefresh": false
            }

        }, {
            "path": "pages/my/afterSales/exchangeDetails",
            "style": {
                "navigationBarTitleText": "换货详情",
                "enablePullDownRefresh": false
            }
        }, {
            "path": "pages/my/order/logisticsInfo",
            "style": {
                "navigationBarTitleText": "查看物流",
                "enablePullDownRefresh": false
            }

        }, {
            "path": "pages/my/order/orderDetails",
            "style": {
                "navigationBarTitleText": "订单详情",
                "enablePullDownRefresh": false
            }

        }, {
            "path": "pages/my/order/groupOrder",
            "style": {
				"navigationBarBackgroundColor":"#FFFFFF",
                "navigationBarTitleText": "拼购订单",
                "enablePullDownRefresh": false
            }

        }
        ,{
            "path" : "pages/my/order/groupOrderDatail",
            "style" :                                                                                    
            {
                "navigationBarTitleText": "拼购订单",
                "enablePullDownRefresh": false
            }
            
        }
        ,{
            "path" : "pages/shop/payGroupOrder",
            "style" :                                                                                    
            {
                "navigationBarTitleText": "确认支付",
                "enablePullDownRefresh": false
            }
            
        }
        ,{
            "path" : "pages/my/inviteToRegister/inviteToRegister",
            "style" :                                                                                    
            {
                "navigationBarTitleText": "注册",
                "enablePullDownRefresh": false
            }
            
        }
        ,{
            "path" : "pages/my/meiqia",
            "style" :                                                                                    
            {
                "navigationBarTitleText": "",
                "enablePullDownRefresh": false
            }
            
        }
    ],
    "tabBar": {
        "color": "#8a8a8a",
        "selectedColor": "#d4237a",
        "borderStyle": "black",
        "backgroundColor": "#ffffff",
        "list": [{
                "pagePath": "pages/index/index",
                "text": "首页",
                "iconPath": "static/tabbar1.png",
                "selectedIconPath": "static/tarbarSel1.png"
            },
            {
                "pagePath": "pages/index/goodShop",
                "text": "商城",
                "iconPath": "static/tabbar2.png",
                "selectedIconPath": "static/tabbarSel2.png"
            },
            {
                "pagePath": "pages/index/discount",
                "text": "淘优惠",
                "iconPath": "static/tabbar3.png",
                "selectedIconPath": "static/tarbarSel3.png"
            },
            {
                "pagePath": "pages/car/car",
                "text": "购物车",
                "iconPath": "static/tarbar4.png",
                "selectedIconPath": "static/tarbarSel4.png"
            },
            {
                "pagePath": "pages/my/my",
                "text": "我的",
                "iconPath": "static/tarbar5.png",
                "selectedIconPath": "static/tarbarSel5.png"
            }
        ]
    },
    "globalStyle": {
        "navigationBarTextStyle": "black",
        "navigationBarTitleText": "uni-app",
        "navigationBarBackgroundColor": "#F8F8F8",
        "backgroundColor": "#F8F8F8"
    }
}
