{
	"easycom": {
			"^u-(.*)": "@/uview-ui/components/u-$1/u-$1.vue"
		},
	"pages": [
		{
			"path": "pages/index/index",
			"style": {
				"navigationBarTitleText": "巴氏鲜奶"
			}
		}
	    ,{
            "path" : "pages/reserve/reserve",
            "style" : {
				"navigationBarTitleText": "我的预定"
				}
        }
        ,{
            "path" : "pages/shop/shop",
            "style" : {
			"navigationBarTitleText": "门店"
			}
        }
        ,{
            "path" : "pages/my/my",
            "style" : {
				"navigationBarTitleText": "我的"
			}
        }
     
        ,{
            "path" : "pages/commodity/information",
            "style" : {
				"navigationBarTitleText":"提交预定信息"
			}
        }
        ,{
            "path" : "pages/commodity/nearby",
            "style" : {
				"navigationBarTitleText":"附近领取点"
			}
        }
        ,{
            "path" : "pages/commodity/payment",
            "style" : {
				"navigationBarTitleText":"确认支付"
			}
        }
        ,{
            "path" : "pages/commodity/paymentSuccs",
            "style" : {
				"navigationBarTitleText":"支付成功"
			}
        }
        ,{
            "path" : "pages/commodity/paymentFail",
            "style" : {
				"navigationBarTitleText":"支付失败"
			}
        }
        ,{
            "path" : "pages/reserve/particulars",
            "style" : {
				"navigationBarTitleText":"预定详情"
			}
        }
        ,{
            "path" : "pages/my/login",
            "style" : {
				"navigationBarTitleText":"登录"
			}
        }
        ,{
            "path" : "pages/reserve/reserveWin",
            "style" : {
				"navigationBarTitleText":"领取成功"
			}
        }
        ,{
            "path" : "pages/reserve/renew",
            "style" : {
				"navigationBarTitleText":"提交续订信息"
			}
        }
        ,{
            "path" : "pages/reserve/refund",
            "style" : {
				"navigationBarTitleText":"申请退款"
			}
        }
        ,{
            "path" : "pages/reserve/audit",
            "style" : {
				"navigationBarTitleText":"审核进度"
			}
        }
        ,{
            "path" : "pages/shop/shopEnter",
            "style" : {
				"navigationBarTitleText":"门店"
			}
        }
        
        ,{
            "path" : "pages/shop/applyEnter2",
            "style" : {
				"navigationBarTitleText":"门店"
			}
        }
        ,{
            "path" : "pages/shop/subsidy",
            "style" : {
				"navigationBarTitleText":"津贴记录"
			}
        }
        ,{
            "path" : "pages/shop/getRecord",
            "style" : {
				"navigationBarTitleText":"领取记录"
			}
        }
        ,{
            "path" : "pages/shop/search",
            "style" : {
				"navigationBarTitleText":"搜索"
			}
        }
        ,{
            "path" : "pages/shop/searchList",
            "style" : {
				"navigationBarTitleText":"搜索列表"
			}
        }
        ,{
            "path" : "pages/my/refund",
            "style" : {
				"navigationBarTitleText":"我的退款"
			}
        }
        ,{
            "path" : "pages/my/message",
            "style" : {
				"navigationBarTitleText":"我的消息"
			}
        }
        ,{
            "path" : "pages/my/balance",
            "style" : {
				"navigationBarTitleText":"我的余额"
			}
        }
		,{
		    "path" : "pages/my/identify",
		    "style" : {
				"navigationBarTitleText": "实名认证"
				}
		}
        ,{
            "path" : "pages/my/userInfo",
            "style" : {
				"navigationBarTitleText":"个人资料"
			}
        }
        ,{
            "path" : "pages/my/myTime",
            "style" : {
				"navigationBarTitleText":"我的团队"
			}
        }
        ,{
            "path" : "pages/index/news",
            "style" : {
				"navigationBarTitleText":"新闻列表"
			}
        }
        ,{
            "path" : "pages/index/common",
            "style" : {}
        }
        ,{
            "path" : "pages/my/problem",
            "style" : {
				"navigationBarTitleText":"常见问题"
			}
        }
        ,{
            "path" : "pages/my/feedback",
            "style" : {
				"navigationBarTitleText":"意见反馈"
			}
        }
        ,{
            "path" : "pages/my/feedbackList",
            "style" : {
				"navigationBarTitleText":"反馈列表"
			}
        }
        ,{
            "path" : "pages/my/feedbackDetail",
            "style" : {
				"navigationBarTitleText":"反馈详情"
			}
        }
        ,{
            "path" : "pages/my/help",
            "style" : {
				"navigationBarTitleText":"会员须知"
			}
        }
        ,{
            "path" : "pages/my/aboutUs",
            "style" : {
				"navigationBarTitleText":"关于我们"
			}
        }
        ,{
            "path" : "pages/my/agreement",
            "style" : {
				"navigationBarTitleText":"协议列表"
			}
        }
        ,{
            "path" : "pages/my/register",
            "style" : {
				"navigationBarTitleText":"推广分享"
			}
        }
        ,{
            "path" : "pages/my/integralDetail",
            "style" : {
				"navigationBarTitleText":"提现记录"
			}
        }
        ,{
            "path" : "pages/reserve/deliverylist",
            "style" : {
				"navigationBarTitleText":" "
			}
        }
        ,{
            "path" : "pages/commodity/orderlist",
            "style" : {}
        }
		,{
		    "path" : "pages/my/withdrawal",
		    "style" : {
				"navigationBarTitleText":"提现"
			}
		},{
		    "path" : "pages/my/withdrawalSuccess",
		    "style" : {
				"navigationBarTitleText":"提现成功"
			}
		}
		,{
		    "path" : "pages/my/myCard",
		    "style" : {
				"navigationBarTitleText":"银行卡"
			}
		}
		,{
		    "path" : "pages/my/balanceDetail",
		    "style" : {
				"navigationBarTitleText":"余额明细"
			}
		}
        ,{
            "path" : "pages/my/common",
            "style" : {}
        }
        ,{
            "path" : "pages/my/collectlist",
            "style" : {
				"navigationBarTitleText":"我的收藏"
			}
        }
        ,{
            "path" : "pages/shop/shopaudit",
            "style" : {
				"navigationBarTitleText":"审核进度"
			}
        }
        ,{
            "path" : "pages/my/setName",
            "style" : {}
        }
        ,{
            "path" : "pages/my/Nocommunity",
            "style" : {
				"navigationBarTitleText":"商品不存在"
			}
        }
        ,{
            "path" : "pages/my/pushServer",
            "style" : {
            	"navigationBarTitleText":"推送消息设置"
            }
        }
        ,{
            "path" : "pages/my/registerss",
            "style" : {}
        }
        ,{
            "path" : "pages/shop/shopwin",
            "style" : {}
        }
        ,{
            "path" : "pages/my/htblance",
            "style" : {
				"navigationBarTitleText":"后台充值金"
			}
        }
        ,{
            "path" : "pages/my/courier",
            "style" :                                                                                    
            {
                "navigationBarTitleText": "",
                "enablePullDownRefresh": false
            }
            
        }
        ,{
            "path" : "pages/my/addressManagement",
            "style" :                                                                                    
            {
                "navigationBarTitleText": "地址管理",
                "enablePullDownRefresh": false
            }
            
        }
        ,{
            "path" : "pages/my/addAddress",
            "style" :                                                                                    
            {
                "navigationBarTitleText": "新增地址",
                "enablePullDownRefresh": false
            }
            
        }
        ,{
            "path" : "pages/my/cancelAccount",
            "style" :                                                                                    
            {
                "navigationBarTitleText": "注销账号",
                "enablePullDownRefresh": false
            }
            
        }
        ,{
            "path" : "pages/publicPages/status",
            "style" :                                                                                    
            {
                "navigationBarTitleText": "审核进度",
                "enablePullDownRefresh": false
            }
            
        }
    ],
	"globalStyle": {
		"navigationBarTextStyle": "black",
		"navigationBarTitleText": "巴氏鲜奶",
		"navigationBarBackgroundColor": "#FFFFFF",
		"backgroundColor": "#F8F8F8"
	},
	"tabBar":{
		"color":"#9A9A9A",
		"selectedColor":"#3EA4E1",
		"list":[
			{
				"text":"首页",
				"pagePath":"pages/index/index",
				"iconPath":"./static/homew.png",
				"selectedIconPath":"./static/homey.png"
			},
			{
				"text":"我的预定",
				"pagePath":"pages/reserve/reserve",
				"iconPath":"./static/reservew.png",
				"selectedIconPath":"./static/reservey.png"
			},
			{
				"text":"门店",
				"pagePath":"pages/shop/shopEnter",
				"iconPath":"./static/shopw.png",
				"selectedIconPath":"./static/shopy.png"
			},
			{
				"text":"我的",
				"pagePath":"pages/my/my",
				"iconPath":"./static/myw.png",
				"selectedIconPath":"./static/myy.png"
			}
		]
	},
	"subPackages": [{
			"root": "pagesB", 
			"pages": [
				{
				    "path" : "commodity",
				    "style" : {
						"navigationBarTitleText": "商品详情"
					}
				}
				,{
				    "path" : "applyEnter",
				    "style" : {
						"navigationBarTitleText":"门店"
					}
				}
			 ]
		}],
	"condition" : { 
		"current": 0, 
		"list": [
			{
				"name": "", 
				"path": "", 
				"query": "" 
			}
		]
	}
}
