{	
	"easycom": {
		"^u-(.*)": "@/uview-ui/components/u-$1/u-$1.vue"
	},
	"pages": [ //pages数组中第一项表示应用启动页，参考：https://uniapp.dcloud.io/collocation/pages
		{
			"path": "pages/index/index",
			"style": {
				"navigationBarTitleText": "缘爱汇",
				"navigationBarBackgroundColor": "#f87e9c",
				"navigationBarTextStyle": "white"
			}
		}, {
			"path": "pages/product/product",
			"style": {
				"navigationBarTitleText": "产品分类"

			}

		}, {
			"path": "pages/car/car",
			"style": {
				"navigationBarTitleText": "购物车",
				"enablePullDownRefresh": false
			}

		}, {
			"path": "pages/my/my",
			"style": {
				"navigationBarTitleText": "我的",
				"navigationBarBackgroundColor": "#f692aa",
				"navigationBarTextStyle": "white",
				"enablePullDownRefresh": false
			}

		},
		{
			"path": "pages/index/newsDetail/newsDetail",
			"style": {
				"navigationBarTitleText": "",
				"enablePullDownRefresh": false
			}

		},
		{
			"path": "pages/index/newsList/newsList",
			"style": {
				"navigationBarTitleText": "新闻列表",
				"enablePullDownRefresh": false
			}

		},
		{
			"path": "pages/index/search/search",
			"style": {
				"navigationBarTitleText": "搜索"
				// "enablePullDownRefresh": false
			}

		},
		{
			"path": "pages/index/search/searchList/searchList",
			"style": {
				"navigationBarTitleText": "搜索列表",
				"enablePullDownRefresh": false
			}
		
		},
		{
			"path": "pages/my/user/user",
			"style": {
				"navigationBarTitleText": "个人资料",
				"enablePullDownRefresh": false
			}
		
		},
		{
			"path": "pages/my/editUserInfo/editName",
			"style": {
				"navigationBarTitleText": "修改昵称",
				"enablePullDownRefresh": false
			}
		},
		{
			"path": "uview-ui/components/u-avatar-cropper/u-avatar-cropper",
			"style": {
				"navigationBarTitleText": "头像裁剪",
				"navigationBarBackgroundColor": "#000000"
			}
		},
		{
		    "path" : "pages/my/myCash/myCash",
		    "style" :                                                                                    
		    {
		        "navigationBarTitleText": "我的余额",
		        "enablePullDownRefresh": false
		    }
		    
		},{
            "path" : "pages/my/myCash/cash",
            "style" :                                                                                    
            {
                "navigationBarTitleText": "提现",
                "enablePullDownRefresh": false
            }
            
        },
		{
		    "path" : "pages/my/myCash/addMyCard",
		    "style" :                                                                                    
		    {
		        "navigationBarTitleText": "绑定银行卡",
		        "enablePullDownRefresh": false
		    }
		    
		},{
		    "path" : "pages/my/myCash/withdrawal",
		    "style" :                                                                                    
		    {
		        "navigationBarTitleText": "提现",
		        "enablePullDownRefresh": false
		    }
		    
		},
		{
		    "path" : "pages/my/myCash/withdrawalSuccess",
		    "style" :                                                                                    
		    {
		        "navigationBarTitleText": "提现成功",
		        "enablePullDownRefresh": false
		    }
		    
		},
		{
		    "path" : "pages/my/myCash/changeBankCard",
		    "style" :                                                                                    
		    {
		        "navigationBarTitleText": "我的银行卡",
				"navigationBarBackgroundColor": "#555555",
				"navigationBarTextStyle": "white",
		        "enablePullDownRefresh": false
		    }
		    
		},
		
		{
		    "path" : "pages/help",
		    "style" :                                                                                    
		    {
		        "navigationBarTitleText": "",
		        "enablePullDownRefresh": false
		    }
		    
		},
		{
		    "path" : "pages/helpDetail",
		    "style" :                                                                                    
		    {
		        "navigationBarTitleText": "",
		        "enablePullDownRefresh": false
		    }
		    
		},
		{
		    "path" : "pages/videoCommon",
		    "style" :                                                                                    
		    {
		        "navigationBarTitleText": "",
		        "enablePullDownRefresh": false
		    }
		    
		},
		{
		    "path" : "pages/feedBack",
		    "style" :                                                                                    
		    {
		        "navigationBarTitleText": "",
		        "enablePullDownRefresh": false
		    }
		    
		},
		{
		    "path" : "pages/feedbackList",
		    "style" :                                                                                    
		    {
		        "navigationBarTitleText": "",
		        "enablePullDownRefresh": false
		    }
		    
		},
		{
		    "path" : "pages/feedbackDetail",
		    "style" :                                                                                    
		    {
		        "navigationBarTitleText": "",
		        "enablePullDownRefresh": false
		    }
		    
		},
		{
		    "path" : "pages/hu/faq",
		    "style" :                                                                                    
		    {
		        "navigationBarTitleText": "常见问题",
		        "enablePullDownRefresh": false
		    }
		    
		},
		{
		    "path" : "pages/aboutUs",
		    "style" :                                                                                    
		    {
		        "navigationBarTitleText": "关于我们",
		        "enablePullDownRefresh": false
		    }
		    
		},
		{
			"path": "pages/index/detail/detail",
			"style": {
				"navigationBarTitleText": "商品详情",
				"enablePullDownRefresh": false
			}
		
		},
		{
			"path": "pages/index/detail/allComments/allComments",
			"style": {
				"navigationBarTitleText": "全部评价",
				"enablePullDownRefresh": false
			}
		
		},
		{
			"path": "pages/my/record/record",
			"style": {
				"navigationBarTitleText": "浏览记录",
				"enablePullDownRefresh": false
			}
		
		},
		{
			"path": "pages/my/myCollection/myCollection",
			"style": {
				"navigationBarTitleText": "我的收藏",
				"enablePullDownRefresh": false
			}
		
		},
		{
			"path": "pages/my/myComments/myComments",
			"style": {
				"navigationBarTitleText": "我的评论",
				"enablePullDownRefresh": false
			}
		
		}
		
	    ,{
            "path" : "pages/my/address/address",
            "style" :                                                                                    
            {
                "navigationBarTitleText": "地址管理",
                "enablePullDownRefresh": false
            }
            
        }
        ,{
            "path" : "pages/my/address/add/add",
            "style" :                                                                                    
            {
                "navigationBarTitleText": "编辑地址",
                "enablePullDownRefresh": false
            }
            
        }
        ,{
            "path" : "pages/index/detail/order/order",
            "style" :                                                                                    
            {
                "navigationBarTitleText": "确认订单",
                "enablePullDownRefresh": false
            }
            
        }
        ,{
            "path" : "pages/index/detail/order/pay/pay",
            "style" :                                                                                    
            {
                "navigationBarTitleText": "确认支付",
                "enablePullDownRefresh": false
            }
            
        },
		{
		    "path" : "pages/my/allowinvite/allowinvite",
		    "style" :                                                                                    
		    {
		        "navigationBarTitleText": "邀请注册",
		        "enablePullDownRefresh": false
		    }
		    
		},
		{
		    "path" : "pages/my/allowinvite/goAllPresons/goAllPresons",
		    "style" :                                                                                    
		    {
		        "navigationBarTitleText": "我的邀请",
		        "enablePullDownRefresh": false
		    }
		    
		},
		{
			"path": "pages/myCourse/myCourse",
			"style": {
				"navigationBarTitleText": "我的订单"
			}
		},
		{
			"path": "pages/myCourse/orderDetail/orderDetail",
			"style": {
				"navigationBarTitleText": "订单详情",
				"enablePullDownRefresh": false
			}
		
		},
		{
			"path": "pages/myCourse/orderDetail/publish/publish",
			"style": {
				"navigationBarTitleText": "发布评价",
				"enablePullDownRefresh": false
			}
		
		}
        ,{
            "path" : "pages/myCourse/orderDetail/logistics/logistics",
            "style" :                                                                                    
            {
                "navigationBarTitleText": "查看物流",
                "enablePullDownRefresh": false
            }
            
        }
        ,{
            "path" : "pages/car/order/order",
            "style" :                                                                                    
            {
                "navigationBarTitleText": "确认订单",
                "enablePullDownRefresh": false
            }
            
        },
		{
		    "path" : "pages/car/order/address/address",
		    "style" :                                                                                    
		    {
		        "navigationBarTitleText": "地址管理",
		        "enablePullDownRefresh": false
		    }
		    
		},
		{
		    "path" : "pages/car/order/address/add/add",
		    "style" :                                                                                    
		    {
		        "navigationBarTitleText": "编辑地址",
		        "enablePullDownRefresh": false
		    }
		    
		},
		{
		    "path" : "pages/login/login",
		    "style" :                                                                                    
		    {
		        "navigationBarTitleText": "",
		        "enablePullDownRefresh": false
		    }
		    
		},
		{
		    "path" : "pages/register/register",
		    "style" :                                                                                    
		    {
		        "navigationBarTitleText": "",
		        "enablePullDownRefresh": false
		    }
		    
		}
        ,{
            "path" : "pages/index/detail/order/pay/payOk/payOk",
            "style" :                                                                                    
            {
                "navigationBarTitleText": "支付成功",
                "enablePullDownRefresh": false
            }
            
        }
        ,{
            "path" : "pages/my/upgrading/upgrading",
            "style" :                                                                                    
            {
                "navigationBarTitleText": "升级申请",
                "enablePullDownRefresh": false
            }
            
        }
        ,{
            "path" : "pages/my/upgrading/upgradingInfo/upgradingInfo",
            "style" :                                                                                    
            {
                "navigationBarTitleText": "审核信息",
                "enablePullDownRefresh": false
            }
            
        }
        ,{
            "path" : "pages/my/myTeam/myTeam",
            "style" :                                                                                    
            {
                "navigationBarTitleText": "我的团队",
                "enablePullDownRefresh": false
            }
            
        }
        ,{
            "path" : "pages/my/myTeam/teamNum/teamNum",
            "style" :                                                                                    
            {
                "navigationBarTitleText": "团队人数",
                "enablePullDownRefresh": false
            }
            
        }
    ],
	"globalStyle": {
		"navigationBarTextStyle": "black",
		"navigationBarTitleText": "uni-app",
		"navigationBarBackgroundColor": "#FFFFFF",
		"backgroundColor": "#FFFFFF"
	},
	"tabBar": {
		"color": "#999999",
		"selectedColor": "#3E4D60",
		"borderStyle": "black",
		"backgroundColor": "#ffffff",
		"list": [{
				"pagePath": "pages/index/index",
				"iconPath": "static/tabIcon/index_wxz.png",
				"selectedIconPath": "static/tabIcon/index_xz.png",
				"text": "首页"
			}, {
				"pagePath": "pages/product/product",
				"iconPath": "static/tabIcon/kc_wxz.png",
				"selectedIconPath": "static/tabIcon/kc_xz.png",
				"text": "产品分类"
			},
			{
				"pagePath": "pages/car/car",
				"iconPath": "static/tabIcon/mykc_wxz.png",
				"selectedIconPath": "static/tabIcon/mykc_xz.png",
				"text": "购物车"
			},
			{
				"pagePath": "pages/my/my",
				"iconPath": "static/tabIcon/my_wxz.png",
				"selectedIconPath": "static/tabIcon/my_xz.png",
				"text": "我的"
			}
		]
	}
}
