{
  "id": "",
  "name": "",
  "font_family": "iconfont",
  "css_prefix_text": "icon-",
  "description": "",
  "glyphs": [
    {
      "icon_id": "998813",
      "name": "箭头",
      "font_class": "ai203",
      "unicode": "e6bf",
      "unicode_decimal": 59071
    },
    {
      "icon_id": "5387577",
      "name": "箭头_切换右",
      "font_class": "jiantou_qiehuanyou",
      "unicode": "eb05",
      "unicode_decimal": 60165
    },
    {
      "icon_id": "5387586",
      "name": "箭头_上下切换",
      "font_class": "jiantou_shangxiaqiehuan",
      "unicode": "eb09",
      "unicode_decimal": 60169
    },
    {
      "icon_id": "5387596",
      "name": "箭头_左右切换",
      "font_class": "jiantou_zuoyouqiehuan",
      "unicode": "eb0d",
      "unicode_decimal": 60173
    },
    {
      "icon_id": "8348110",
      "name": "编辑",
      "font_class": "bianji",
      "unicode": "e718",
      "unicode_decimal": 59160
    },
    {
      "icon_id": "15685590",
      "name": "箭头_切换左",
      "font_class": "jiantou_qiehuanzuo",
      "unicode": "e6eb",
      "unicode_decimal": 59115
    },
    {
      "icon_id": "19494236",
      "name": "删 除",
      "font_class": "shanchu",
      "unicode": "e615",
      "unicode_decimal": 58901
    }
  ]
}
